{
  "name": "moon",
  "localizedName": "Місяць Тантроса",
  "generator": "SerpuloPlanetGenerator",
  "parent": "tantria",
  "iconColor": "6b6f74",
  "orbitRadius": 40,
  "hasAtmosphere": true,
  "updateLighting": true,
  "atmosphereRadIn": 0.05,
  "atmosphereRadOut": 0.2,
  "atmosphereColor": "8f8f8f",
  "drawOrbit": true,
  "accessible": true,
  "alwaysUnlocked": false,
  "sectorSeed": 123,
  "startSector": 1,
  "sectorSize": 1,
  "solarSystem": "tantria",
  "clearSectorOnLose": true,
  "allowSectorInvasion": false,
  "allowLaunchToNumbered": false,
  "mesh": {
    "type": "NoiseMesh",
    "planet": "moon",
    "seed": 420,
    "color1": "4a4f53",
    "color2": "2f3336",
    "divisions": 4,
    "radius": 0.25,
    "octaves": 5,
    "persistence": 0.7,
    "scl": 1,
    "mag": 1
  }
}