{
  "generator": "SerpuloPlanetGenerator",
  "parent": "sun",
  "localizedName": "Тантрия",
  "iconColor": "2fe047",
  "orbitRadius": 50,
  "hasAtmosphere": true,
  "updateLighting": true,
  "atmosphereRadIn": 0.1,
  "atmosphereRadOut": 0.3,
  "atmosphereColor": "77d4d4,",
  "drawOrbit": true,
  "accessible": true,
  "alwaysUnlocked": true,
  "defaultCore": "core-psi",
  "sectorSeed": 531,
  "startSector": 1,
  "sectorSize": 2,
  "clearSectorOnLose": true,
  "allowSectorInvasion": false,
  "allowLaunchToNumbered": false,
  "cloudMesh": {
    "type": "HexSkyMesh",
    "planet": "tantria",
    "seed": 524819,
    "speed": 2,
    "radius": 0.05,
    "divisions": 6,
    "color": "fafafa",
    "octaves": 2,
    "persistence": 2,
    "scl": 2,
    "thresh": 0.45
  },
  "mesh": {
    "type": "NoiseMesh",
    "planet": "tantria",
    "seed": 524819,
    "color1": "d6b581",
    "color2": "8d98a6",
    "divisions": 4,
    "radius": 0.9,
    "octaves": 7,
    "persistence": 1,
    "scl": 0.75,
    "mag": 1
  },
  "itemWhiteList": [
    "cobalt",
    "kalium",
    "iodine",
    "natrium",
    "kalium-iodine",
    "cobalt-iodine",
    "sand"
  ]
}